{"cameraAperture": [3.8959999084472656, 2.453000068664551], "cameraApertureOffset": [0.0, 0.0], "cameraFisheyeLensP": [-0.0003672190650831908, -0.0007413905113935471], "cameraFisheyeLensS": [-0.0005839985096827149, -0.00021934123651590198, 0.00019362685270607471, -0.0002042473352048546], "cameraFisheyeMaxFOV": 98.0, "cameraFisheyeNominalHeight": 1216, "cameraFisheyeNominalWidth": 1936, "cameraFisheyeOpticalCentre": [970.9424438476562, 600.3748168945312], "cameraFisheyePolynomial": [0.0, 0.0024541709572076797, 3.727479125359423e-08, -1.4352051769250807e-09, 9.760617878176725e-13, 0.0], "cameraFocalLength": 1.9299999475479126, "cameraFocusDistance": 0.5, "cameraFStop": 2.0, "cameraModel": "fisheyeEquidistant", "cameraNearFar": [0.009999999776482582, 1000000.0], "cameraProjection": [0.9907597503734277, 0.0, 0.0, 0.0, 0.0, 1.5852156005974845, 0.0, 0.0, 0.0, 0.0, 9.999999876482579e-09, -1.0, 0.0, 0.0, 0.009999999876482578, 0.0], "cameraViewTransform": [-0.9999999999999993, 0.0, -3.42285428278309e-08, 0.0, -3.4228542827830903e-08, 0.0, 0.9999999999999992, -0.0, 0.0, 1.0, 0.0, -0.0, 0.0475000154884157, 0.0, -0.4999999999999996, 1.0], "metersPerSceneUnit": 70.0, "renderProductResolution": [1280, 800]}